f_range,G_0,G,var,bias
0.0,(3.621331989105082-0.6826049983909342j),(3.6576606209388487-0.6619399035467022j),0.0928485811583332,(-0.03632863183376678-0.020665094844232068j)
0.02,(3.2833611504795948-1.2377979923314595j),(3.301271893804473-1.1866367458129026j),0.06471192782730935,(-0.017910743324878187-0.05116124651855691j)
0.04,(2.841393026216591-1.606769902282197j),(2.8511914212055114-1.612034431182675j),0.06375559454159675,(-0.009798394988920212+0.005264528900478016j)
0.06,(2.390835695723726-1.8026476458302163j),(2.3825639729064267-1.7970620049600632j),0.06757493960172924,(0.008271722817299043-0.005585640870153119j)
0.08,(1.9859507004152042-1.871714439244773j),(1.9960470028959978-1.8668796947759656j),0.0954685583025951,(-0.010096302480793629-0.004834744468807495j)
0.1,(1.6453858094165104-1.86088750962617j),(1.6361368814326225-1.8732051836971382j),0.14722710056964172,(0.009248927983887878+0.012317674070968065j)
0.12,(1.368114717342158-1.8051848410134852j),(1.3460084192287625-1.8366708525820283j),0.14589266606342066,(0.022106298113395484+0.03148601156854314j)
0.14,(1.1454029992502197-1.7272270309652193j),(1.1814959267831728-1.6873033113914013j),0.1417363485400326,(-0.03609292753295312-0.03992371957381802j)
0.16,(0.96699911961129-1.6404753583072582j),(0.954674929467362-1.6585018797704603j),0.20202795746990485,(0.012324190143928049+0.01802652146320205j)
0.18,(0.8236223527800214-1.5524915596956346j),(0.8339659182664985-1.5295134094255134j),0.24004480079090448,(-0.01034356548647708-0.022978150270121178j)
0.2,(0.7076540286253036-1.4672860604242333j),(0.6953929173080127-1.5030744400493325j),0.1951127353061806,(0.012261111317290907+0.03578837962509929j)
0.22,(0.6131054556270443-1.3868118685970967j),(0.6878150769149705-1.4211323042328199j),0.24896118502738177,(-0.07470962128792613+0.03432043563572318j)
0.24,(0.53535733104205-1.311862233432772j),(0.5530427407150328-1.3394664250630786j),0.2898119726790654,(-0.01768540967298282+0.027604191630306474j)
0.26,(0.47086933192620006-1.242594892543272j),(0.4145723953471343-1.2842890833661087j),0.28786359306572284,(0.05629693657906576+0.04169419082283676j)
0.28,(0.4169270345940797-1.1788334180673647j),(0.428232680527585-1.2011307708598866j),0.3519097518662835,(-0.011305645933505304+0.022297352792521874j)
0.3,(0.371440580891926-1.1202384001681926j),(0.30864728488288085-1.1260283318668185j),0.3631923582069797,(0.06279329600904515+0.00578993169862585j)
0.32,(0.33279091612072026-1.066403367211597j),(0.26957731216922703-1.1032999339382143j),0.3459245077453918,(0.06321360395149322+0.03689656672661745j)
0.34,(0.2997145141703045-1.0169073891629956j),(0.36395243083351936-1.061691222178809j),0.39042790441296643,(-0.06423791666321488+0.04478383301581346j)
0.36,(0.27121756962151194-0.9713428416420591j),(0.268586375580722-0.9301452914149602j),0.3306119794299891,(0.0026311940407899304-0.04119755022709892j)
0.38,(0.24651217584701315-0.9293290087936947j),(0.1773321846479474-0.8060234455793722j),0.3952632586682147,(0.06917999119906576-0.12330556321432251j)
0.4,(0.2249687210621368-0.8905177025341376j),(0.20926844444872114-0.9159022825112197j),0.45319748851456076,(0.015700276613415665+0.0253845799770821j)
0.42,(0.20608020455031756-0.8545944747985388j),(0.11446831073366356-0.8191620384621088j),0.44122856370732605,(0.091611893816654-0.03543243633643001j)
0.44,(0.1894353221960685-0.8212774908273873j),(0.16690590853974435-0.7628053259116758j),0.47533363210055124,(0.02252941365632416-0.0584721649157115j)
0.46,(0.17469802653834912-0.7903152529480975j),(0.2269350866997423-0.7351736971620301j),0.5263724147340839,(-0.05223706016139318-0.05514155578606739j)
0.48,(0.16159189195505577-0.7614838509685186j),(0.22807477341481305-0.7576248122601568j),0.5091057406454556,(-0.06648288145975728-0.003859038708361795j)
0.5,(0.14988806796463136-0.7345841149583878j),(0.19164547550040115-0.8355799666349647j),0.4721992895142283,(-0.041757407535769786+0.10099585167657688j)
0.52,(0.1393959297594186-0.7094388707734633j),(0.06266398769856911-0.6931082725544568j),0.5702574331830885,(0.0767319420608495-0.01633059821900651j)
0.54,(0.12995577033286862-0.6858903968604957j),(0.09133524450468071-0.7295022673216404j),0.6664572022994352,(0.03862052582818791+0.043611870461144675j)
0.56,(0.1214330487597856-0.6637981225629523j),(0.10291836788301581-0.5506511226095859j),0.5910245771864698,(0.018514680876769787-0.11314699995336641j)
0.58,(0.11371383287510903-0.6430365755495648j),(0.12267273292412086-0.5428172832942123j),0.5520292575359688,(-0.008958900049011828-0.10021929225535253j)
0.6,(0.10670116496937579-0.6234935685549114j),(0.16685712007651252-0.6483175629587953j),0.6469961793845386,(-0.06015595510713673+0.02482399440388383j)
0.62,(0.10031214554535813-0.6050686070613647j),(0.03705186381957293-0.5897384609166535j),0.7726344887627709,(0.0632602817257852-0.015330146144711176j)
0.64,(0.0944755793126996-0.5876714961065868j),(0.0533429363103295-0.610214096718929j),0.7003642405759032,(0.04113264300237011+0.022542600612342256j)
0.66,(0.08913006417212811-0.5712211238269759j),(0.10281037239739839-0.5343495129040006j),0.6445758512297723,(-0.013680308225270277-0.036871610922975306j)
0.68,(0.08422243134371556-0.5556444003114643j),(0.09472673053986759-0.5841934289033518j),0.6732808356570957,(-0.010504299196152034+0.02854902859188746j)
0.7000000000000001,(0.07970646545669313-0.5408753320562883j),(0.19356761724500016-0.5225853188896299j),0.7400753349867493,(-0.11386115178830702-0.01829001316665846j)
0.72,(0.07554184909780971-0.5268542143246747j),(0.019114180218522216-0.4669884676700254j),0.7914716495430446,(0.0564276688792875-0.05986574665464933j)
0.74,(0.07169328828684457-0.5135269257695122j),(-0.005109971309440602-0.4863059779033288j),0.7680277928650316,(0.07680325959628517-0.027220947866183398j)
0.76,(0.06812978454370316-0.5008443116347789j),(0.12994144853902703-0.6041769188255668j),0.7706316347393033,(-0.06181166399532387+0.10333260719078785j)
0.78,(0.06482402631664956-0.48876164364599467j),(-0.03392200894069082-0.45306274571427735j),0.7840933304719655,(0.09874603525734038-0.03569889793171732j)
0.8,(0.06175187806222564-0.4772381463055255j),(0.153281263833254-0.4943841407302419j),0.8091073946520634,(-0.09152938577102836+0.01714599442471637j)
0.8200000000000001,(0.05889194958115998-0.46623658072257723j),(0.026768208865328505-0.45101886720546824j),0.8377105016541815,(0.032123740715831475-0.015217713517108988j)
0.84,(0.05622523160299654-0.4557228783399256j),(-0.016765251556189655-0.4303730190646855j),0.9764448665270297,(0.0729904831591862-0.025349859275240083j)
0.86,(0.053734786287498504-0.44566581798557997j),(0.05277012264503548-0.37466794738711606j),0.9938470897772674,(0.0009646636424630248-0.07099787059846391j)
0.88,(0.05140548343368424-0.4360367405956356j),(-0.06002074484051114-0.39566104706858307j),0.9186658524498443,(0.11142622827419538-0.0403756935270525j)
0.9,(0.04922377487983068-0.4268092967426375j),(0.03484180549641808-0.37628486835359537j),1.0677084404293722,(0.014381969383412602-0.05052442838904214j)
0.92,(0.0471775009334169-0.41795922277895864j),(-0.04620635058964375-0.42283042119308933j),1.0852363394557223,(0.09338385152306064+0.004871198414130695j)
0.9400000000000001,(0.04525572376069902-0.4094641419825632j),(0.09332669116877589-0.42083725116394766j),1.1531852430285698,(-0.04807096740807686+0.011373109181384455j)
0.96,(0.04344858354692584-0.40130338758692047j),(0.11502636999299709-0.40529729116384816j),0.9611949976985502,(-0.07157778644607125+0.003993903576927693j)
0.98,(0.041747173953343444-0.39345784499987707j),(0.06437295038936514-0.29909638423459245j),0.9252566893057168,(-0.02262577643602169-0.09436146076528462j)
1.0,(0.04014343397971649-0.3859098108784656j),(-0.07021249583100461-0.3899796234290931j),0.9847605554737002,(0.11035592981072109+0.004069812550627494j)
1.02,(0.038630053817575186-0.3786428670369452j),(0.007981229666368057-0.37359939540041065j),0.9954737861634865,(0.03064882415120713-0.005043471636534569j)
1.04,(0.03720039267052618-0.3716417674315306j),(-0.09049678302966789-0.3698706821251097j),1.25668299099765,(0.12769717570019407-0.0017710853064208942j)
1.06,(0.03584840684023232-0.3648923366938366j),(0.011775130414140298-0.39512697177700395j),1.0592833741397154,(0.02407327642609202+0.03023463508316737j)
1.08,(0.034568586643089524-0.3583813788816117j),(0.014457626135212632-0.30219837988010156j),1.2656331041113427,(0.02011096050787689-0.05618299900151014j)
1.1,(0.0333559009436735-0.3520965952846061j),(0.05737151555078544-0.31538613362935075j),1.1258651533753625,(-0.02401561460711194-0.03671046165525532j)
1.12,(0.03220574827497849-0.3460265102693984j),(0.037580009715836214-0.36561792758047695j),1.1391167831805697,(-0.0053742614408577236+0.01959141731107855j)
1.1400000000000001,(0.031113913669083632-0.3401604042731255j),(0.07892457092591615-0.3569514569789216j),1.4345435974703906,(-0.04781065725683252+0.016791052705796117j)
1.16,(0.03007653045051432-0.33448825316517183j),(-0.03372405399146049-0.3134795247681372j),1.2096099328456742,(0.06380058444197481-0.02100872839703466j)
1.18,(0.02909004635263177-0.32900067329045213j),(0.05659553509303317-0.34875552255113085j),1.4946284216592096,(-0.027505488740401398+0.01975484926067872j)
1.2,(0.02815119340840883-0.3236888715900127j),(0.01055470866026178-0.22822618279306106j),1.2176104019030047,(0.017596484748147047-0.09546268879695163j)
1.22,(0.027256961143858942-0.31854460026607456j),(0.05646286664743462-0.39637389730629063j),1.2804501720524541,(-0.02920590550357568+0.07782929704021607j)
1.24,(0.026404572667515086-0.31356011552081664j),(0.00809285877826615-0.39265203255778147j),1.2456028583318413,(0.018311713889248935+0.07909191703696483j)
1.26,(0.02559146330468715-0.308728139952454j),(0.21942408669105506-0.24609992186239008j),1.1750406278524037,(-0.19383262338636792-0.06262821809006394j)
1.28,(0.024815261472320636-0.30404182823957426j),(-0.12639185008860637-0.4162226471698041j),1.5767291784802913,(0.151207111560927+0.11218081893022985j)
1.3,(0.024073771530491964-0.2994947357861943j),(0.09943192478515632-0.20196975789915905j),1.3437276123082944,(-0.07535815325466436-0.09752497788703524j)
1.32,(0.023364958380971527-0.2950807900363877j),(-0.05530045629502545-0.3253493033226964j),1.2794301869964713,(0.07866541467599698+0.030268513286308696j)
1.34,(0.022686933612787424-0.2907942641992817j),(0.12004494929988443-0.19046234939169143j),1.4047071956210513,(-0.09735801568709701-0.1003319148075903j)
1.36,(0.022037943020078055-0.2866297531533259j),(-0.035354283737766425-0.32536226959439823j),1.599565231201605,(0.05739222675784448+0.03873251644107234j)
1.3800000000000001,(0.021416355339369433-0.2825821513234926j),(-0.011645233483610889-0.22055629465857546j),1.5111594513222246,(0.033061588822980326-0.06202585666491717j)
1.4000000000000001,(0.02082065207226297-0.27864663234690634j),(-0.04104213930189405-0.40942985027156364j),1.535942864308181,(0.06186279137415702+0.1307832179246573j)
1.42,(0.020249418275837466-0.2748186303617003j),(-0.059592273049895374-0.37946887928890904j),1.7493787033222057,(0.07984169132573284+0.10465024892720876j)
1.44,(0.019701334217204946-0.2710938227709744j),(0.14984030083778144-0.4149306620682122j),1.5857872605869647,(-0.1301389666205765+0.14383683929723784j)
1.46,(0.019175167800941237-0.2674681143488609j),(0.08791603560251313-0.22911799742980044j),1.6249324700730683,(-0.06874086780157189-0.038350116919060484j)
1.48,(0.018669767688800482-0.2639376225691367j),(-0.1377241730984671-0.2121631942354701j),1.220748921766489,(0.1563939407872676-0.05177442833366663j)
1.5,(0.018184057040435984-0.26049866404875316j),(0.10903867374524329-0.17299166943831826j),1.7755398404008869,(-0.0908546167048073-0.0875069946104349j)
1.52,(0.017717027811989687-0.25714774200927826j),(-0.04457015099838362-0.2319363779348317j),1.5392720339032113,(0.06228717881037331-0.025211364074446546j)
1.54,(0.01726773555653066-0.2538815346687103j),(-0.2109909867191295-0.2246263014272632j),1.877933895337402,(0.22825872227566016-0.029255233241447076j)
1.56,(0.0168352946765641-0.25069688448456695j),(-0.20972930944573334-0.21207341685694395j),1.8776469189938014,(0.22656460412229745-0.038623467627623004j)
1.58,(0.01641887408430853-0.2475907881767027j),(-0.1785664836796339-0.28438297038100796j),1.3465288234483779,(0.19498535776394244+0.036792182204305274j)
1.6,(0.01601769323026031-0.24456038746505435j),(0.00864392725119918-0.2103942581144472j),1.8284443014735285,(0.00737376597906113-0.034166129350607144j)
1.62,(0.015631018464801732-0.24160296046356652j),(-0.11708024011841396-0.33596673208932937j),1.8247439900418925,(0.1327112585832157+0.09436377162576284j)
1.6400000000000001,(0.015258159701360576-0.238715913676968j),(0.055657201948534914-0.2684413576986622j),1.5301195398373386,(-0.04039904224717434+0.029725444021694164j)
1.6600000000000001,(0.014898467352927049-0.23589677455194286j),(0.18120343895560745-0.20272801437184299j),2.087993527840348,(-0.1663049716026804-0.03316876018009987j)
1.68,(0.01455132951666929-0.23314318453861588j),(-0.028261065974041526-0.1710056593156807j),1.5500128794806087,(0.042812395490710815-0.06213752522293517j)
1.7,(0.01421616938397338-0.23045289262221572j),(0.16661946177025388-0.4347047598789917j),2.0747553107864025,(-0.1524032923862805+0.204251867256776j)
1.72,(0.013892442855542258-0.22782374928832425j),(0.16316263659050836-0.15612161554575094j),1.9259226144628203,(-0.1492701937349661-0.07170213374257331j)
1.74,(0.013579636343227652-0.22525370088833044j),(-0.06829095152592245-0.0751876654210581j),1.9110187137144252,(0.0818705878691501-0.15006603546727232j)
1.76,(0.013277264742090822-0.22274078437459324j),(0.0055619355471269736-0.1798140791247292j),2.101403606914815,(0.007715329194963848-0.042926705249864056j)
1.78,(0.012984869557809567-0.22028312237743655j),(-0.0007267968264629732-0.11497721308256019j),2.1797214540621686,(0.01371166638427254-0.10530590929487636j)
1.8,(0.012702017175993606-0.21787891859846514j),(-0.013481227522972067+0.03630397403993968j),1.8399358935289454,(0.02618324469896567-0.2541828926384048j)
1.82,(0.01242829726126323-0.21552645349683403j),(-0.0746940095052509-0.43797829619577966j),2.0366690520182997,(0.08712230676651413+0.22245184269894563j)
1.84,(0.01216332127510403-0.21322408024704653j),(-0.01114593176393558-0.35020241858722523j),2.0749145145739845,(0.023309253039039607+0.1369783383401787j)
1.86,(0.011906721102540038-0.21097022094862472j),(-0.11311758155476569-0.18187034163040244j),2.0712490148017055,(0.1250243026573057-0.029099879318222277j)
1.8800000000000001,(0.011658147778601408-0.2087633630695956j),(-0.0735688647031888-0.1600146640083524j),2.1978903400461824,(0.08522701248179021-0.048748699061243184j)
1.9000000000000001,(0.011417270306392224-0.20660205610719753j),(-0.14954203135221952-0.22442176724562732j),2.185530330720724,(0.16095930165861175+0.017819711138429783j)
1.92,(0.01118377455931168-0.2044849084505387j),(-0.18491661271173582-0.17175084286543071j),2.0580799793379767,(0.1961003872710475-0.032734065585107996j)
1.94,(0.010957362260658703-0.20241058443114804j),(-0.10670972199917818-0.3839346232421179j),2.143407090625828,(0.11766708425983688+0.18152403881096987j)
1.96,(0.01073775003445282-0.20037780154846435j),(0.07901442753405392-0.23251837477015508j),2.2974295883362483,(-0.0682766774996011+0.03214057322169073j)
1.98,(0.010524668521852435-0.19838532785831703j),(0.2063150004432234-0.10820973487469743j),1.997373938324289,(-0.19579033192137096-0.0901755929836196j)
2.0,(0.01031786155804573-0.19643197951336858j),(0.014488810588472264-0.10787327948638613j),1.7287529847885261,(-0.004170949030426533-0.08855870002698245j)
2.02,(0.010117085404933163-0.1945166184453365j),(-0.07452959224082169-0.22691164022420612j),2.2240770063047326,(0.08464667764575486+0.03239502177886963j)
2.04,(0.009922108035326435-0.1926381501795772j),(-0.11203814734459576-0.37770303402984085j),2.352808224867418,(0.1219602553799222+0.18506488385026365j)
2.06,(0.009732708464750557-0.19079552177332373j),(-0.05792083688783982-0.40491304802255484j),1.9108035222178525,(0.06765354535259038+0.2141175262492311j)
2.08,(0.009548676127269678-0.18898771986951396j),(0.1488092224962628+0.01074795422572009j),1.9401639934089443,(-0.13926054636899313-0.19973567409523404j)
2.1,(0.009369810292054092-0.18721376885874016j),(0.05456737610651551-0.037170349669379946j),1.9907452010920903,(-0.045197565814461424-0.1500434191893602j)
2.12,(0.00919591951768122-0.18547272914239668j),(0.00011074034124070154-0.2682268374640434j),2.4539868968370473,(0.009085179176440517+0.08275410832164673j)
2.14,(0.009026821141408297-0.18376369549060056j),(0.028749271047464525-0.1610341679995722j),1.9237135325308001,(-0.019722449906056226-0.022729527491028356j)
2.16,(0.008862340800881411-0.18208579548892423j),(0.11346627469325574-0.3215421293521872j),2.029812805994177,(-0.10460393389237432+0.13945633386326295j)
2.18,(0.008702311985948712-0.1804381880683987j),(0.0644440550180534-0.19930982738431244j),2.4930065194882194,(-0.05574174303210469+0.018871639315913735j)
2.2,(0.008546575618434147-0.17882006211364113j),(-0.06783298944361481-0.30713198869603064j),2.222077763701346,(0.07637956506204896+0.12831192658238952j)
2.22,(0.00839497965789693-0.17723063514431464j),(-0.027507500858357205-0.2592919784068549j),2.6184176346587362,(0.03590248051625414+0.08206134326254028j)
2.24,(0.008247378731557736-0.17566915206546577j),(-0.03955900826274043-0.0609823372264605j),2.170098806182777,(0.04780638699429817-0.11468681483900527j)
2.2600000000000002,(0.008103633786714125-0.1741348839825864j),(-0.02566680315238251-0.2722482241097102j),2.5549843973644517,(0.033770436939096635+0.09811334012712383j)
2.2800000000000002,(0.00796361176409908-0.17262712707753225j),(0.01677113380311659-0.16735339691385367j),2.2821588265515285,(-0.008807522039017511-0.005273730163678575j)
2.3000000000000003,(0.007827185290752518-0.171145201541692j),(-0.09860469987931554-0.15484966448509618j),2.221628121069209,(0.10643188517006806-0.01629553705659581j)
2.32,(0.007694232391086116-0.16968845056303947j),(0.008647603732145116-0.31936543702036946j),2.9564254943165595,(-0.0009533713410589994+0.14967698645733j)
2.34,(0.007564636214921635-0.1682562393639296j),(0.07619807330793701-0.11260898556411755j),2.6843911028291734,(-0.06863343709301538-0.05564725379981206j)
2.36,(0.007438284781372341-0.1668479542867022j),(-0.07190618087759577-0.21727885119172347j),2.938231405377625,(0.07934446565896812+0.050430896905021255j)
2.38,(0.007315070737523397-0.16546300192435107j),(0.01540240755899262-0.0352893815161853j),2.628073945230484,(-0.008087336821469223-0.13017362040816577j)
2.4,(0.007194891130941347-0.16410080829369428j),(0.0440497701985519-0.20688028463022823j),2.245660314920408,(-0.03685487906761055+0.04277947633653395j)
2.42,(0.007077647195115477-0.162760818048646j),(-0.16589693910752257-0.08234864653628518j),2.6644924601318074,(0.17297458630263804-0.08041217151236082j)
2.44,(0.006963244146998789-0.1614424937313433j),(0.08890151970649672-0.030649755029130008j),2.436795107723286,(-0.08193827555949793-0.1307927387022133j)
2.46,(0.006851590995874386-0.1601453150590242j),(-0.05068816472405396-0.09624632800308672j),1.9943844400480313,(0.05753975571992835-0.0638989870559375j)
2.48,(0.006742600362829829-0.15886877824468532j),(0.06642269783877544+0.024867671546117246j),2.430189620368615,(-0.05968009747594561-0.18373644979080256j)
2.5,(0.006636188310173041-0.1576123953496706j),(-0.16675198584196227-0.06587656801290671j),2.707632627455837,(0.1733881741521353-0.09173582733676387j)
2.52,(0.006532274180168156-0.1563756936664573j),(-0.041519213369165975-0.04831943727380712j),2.4299444630445066,(0.04805148754933413-0.10805625639265017j)
2.54,(0.006430780442514789-0.15515821513001107j),(0.013716002876315763-0.04642284516685796j),2.5553246271290617,(-0.0072852224338009735-0.10873536996315311j)
2.56,(0.006331632550033876-0.15395951575618297j),(0.007999437600835626+0.030384067243557016j),2.4191107931029823,(-0.0016678050508017496-0.18434358299974j)
2.58,(0.006234758802058159-0.15277916510571135j),(0.1343115522548173-0.13611056543220387j),2.5410726498472753,(-0.12807679345275916-0.016668599673507478j)
2.6,(0.006140090215063005-0.15161674577248094j),(0.30603766629149237-0.21065671471281172j),2.5920745691576053,(-0.29989757607642936+0.059039968940330784j)
2.62,(0.006047560400100763-0.15047185289476883j),(-0.08727005196212405-0.3072468099649892j),3.063632073079246,(0.09331761236222481+0.15677495707022038j)
2.64,(0.005957105446634002-0.14934409368828472j),(0.09235744336685735-0.0346837902628251j),2.7731180179624704,(-0.08640033792022335-0.11466030342545962j)
2.66,(0.005868663812388529-0.148233086999881j),(-0.004068298576905821+0.010792513694408017j),2.9682788743126634,(0.00993696238929435-0.159025600694289j)
2.68,(0.005782176218872758-0.14713846288087545j),(-0.14161645928822902-0.09443269592343093j),2.636784006609571,(0.14739863550710178-0.05270576695744453j)
2.7,(0.005697585552232175-0.14605986217899034j),(-0.03711901236544733-0.047490591260773485j),2.8969726655015036,(0.04281659791767951-0.09856927091821685j)
2.72,(0.005614836769131137-0.14499693614796744j),(0.06886521211182713-0.23286804646822665j),3.158710698230156,(-0.063250375342696+0.08787111032025921j)
2.74,(0.005533876807371741-0.14394934607397408j),(0.02575905585819972-0.24971051418377474j),3.0143704974724868,(-0.020225179050827977+0.10576116810980066j)
2.7600000000000002,(0.005454654500980014-0.14291676291796593j),(-0.03291710837913516-0.16362507160605458j),2.661084010966373,(0.03837176288011518+0.02070830868808865j)
2.7800000000000002,(0.005377120499506352-0.14189886697321671j),(-0.09998245203298298-0.08146591464668136j),3.2792976631654476,(0.10535957253248933-0.06043295232653535j)
2.8000000000000003,(0.005301227191301937-0.1408953475372715j),(0.08941019495892226-0.1231537783595298j),3.199157396443658,(-0.08410896776762032-0.01774156917774171j)
2.82,(0.005226928630550385-0.13990590259762134j),(-0.17721914179031917-0.07213746484629288j),2.924380472230204,(0.18244607042086955-0.06776843775132846j)
2.84,(0.005154180467844897-0.13893023853043407j),(-0.0022769705819705695-0.04483301854246834j),3.072094302616412,(0.007431151049815466-0.09409721998796572j)
2.86,(0.00508293988411624-0.13796806981171555j),(0.011750169417439758-0.36883197657933436j),3.1916828675323554,(-0.0066672295333235175+0.2308639067676188j)
2.88,(0.0050131655277276315-0.13701911874030612j),(-0.16270229139433107-0.08204356683813471j),2.8377063606849173,(0.1677154569220587-0.054975551902171405j)
2.9,(0.004944817454564303-0.13608311517215219j),(0.07041221905836255-0.37511758509891757j),3.1115216348078194,(-0.06546740160379824+0.23903446992676539j)
2.92,(0.004877857070956795-0.1351597962653218j),(0.01751130353628331-0.13631309541520717j),2.7025749435716038,(-0.012633446465326513+0.0011532991498853784j)
2.94,(0.004812247079284286-0.13424890623526123j),(0.023610278477771276+0.0075970863830407236j),3.077597054754023,(-0.01879803139848699-0.14184599261830194j)
2.96,(0.0047479514261169-0.13335019611981672j),(-0.051329187794577215-0.205233307685789j),3.1934413444582272,(0.056077139220694114+0.0718831115659723j)
2.98,(0.004684935252761339-0.13246342355357005j),(-0.0536449052770882-0.13793390160875996j),3.1303351217951434,(0.05832984052984954+0.005470478055189909j)
3.0,(0.0046231648480839806-0.131588352551061j),(-0.04978210962681705+0.07386160939860859j),3.2296558670480984,(0.054405274474901025-0.20544996194966958j)
3.02,(0.004562607603491997-0.13072475329849187j),(-0.2067134974666228+0.04829755309349627j),2.5235453194912267,(0.2112761050701148-0.17902230639198813j)
3.04,(0.004503231969961155-0.12987240195352914j),(0.05693604390938575-0.04072542753717385j),3.280797389673767,(-0.052432811939424596-0.0891469744163553j)
3.06,(0.004445007417003706-0.12903108045283793j),(0.1074471611348083-0.2557153251922762j),3.5144877634635407,(-0.10300215371780459+0.12668424473943826j)
3.08,(0.004387904393477975-0.1282005763270045j),(-0.11968696481925578-0.06999021749367758j),2.4161430157711403,(0.12407486921273375-0.05821035883332691j)
3.1,(0.0043318942901448415-0.127380682522517j),(0.05926396000799861-0.22294198962872527j),3.0439340394777026,(-0.05493206571785377+0.09556130710620828j)
3.12,(0.004276949403883685-0.1265711972304937j),(0.08448769002802588-0.18387657894764226j),3.3631468671606326,(-0.0802107406241422+0.05730538171714855j)
3.14,(0.004223042903483348-0.12577192372186266j),(0.016717064684191915-0.25293135320863935j),2.9232567922117996,(-0.012494021780708568+0.1271594294867767j)
3.16,(0.004170148796930231-0.12498267018871012j),(-0.10203135187480147-0.04268506165708187j),3.0941816190181726,(0.1062015006717317-0.08229760853162825j)
3.18,(0.004118241900118489-0.12420324959153242j),(-0.1792101466801184-0.2897981718385864j),3.5203704209393307,(0.1833283885802369+0.165594922247054j)
3.2,(0.004067297806912745-0.12343347951213468j),(0.1799605585762769-0.08699968906034307j),2.9457108233328637,(-0.17589326076936415-0.03643379045179161j)
3.22,(0.004017292860496185-0.1226731820119366j),(0.0678625100368212+0.04359896529172482j),3.1220765459525825,(-0.06384521717632502-0.1662721473036614j)
3.24,(0.003968204125942422-0.12192218349545317j),(-0.04562183656694858-0.12871660062999846j),3.6711790990541333,(0.049590040692890996+0.006794417134545289j)
3.2600000000000002,(0.003920009363950472-0.1211803145787334j),(0.10908646930432866-0.180949788169841j),3.7910925701897487,(-0.1051664599403782+0.0597694735911076j)
3.2800000000000002,(0.0038726870056879675-0.12044740996254635j),(0.01996067246383122-0.19098272806558228j),3.1266979251122717,(-0.01608798545814325+0.07053531810303593j)
3.3000000000000003,(0.003826216128688809-0.11972330831011818j),(0.1610155853940017+0.016045550944660696j),4.259353676608261,(-0.1571893692653129-0.13576885925477888j)
3.3200000000000003,(0.0037805764337556984-0.11900785212922932j),(0.1524170309530156-0.14499238421633204j),3.419846662080198,(-0.1486364545192599+0.02598453208710272j)
3.34,(0.0037357482228190845-0.11830088765849195j),(0.21758007420952943-0.08426489770722004j),3.3365346521221473,(-0.21384432598671035-0.03403598995127191j)
3.36,(0.003691712377708077-0.11760226475763748j),(0.1583540122476949-0.3558239071328191j),3.6804749704641493,(-0.15466229986998684+0.23822164237518162j)
3.38,(0.0036484503397912296-0.11691183680164795j),(-0.021610284472753625-0.020375613159796233j),3.809447504519815,(0.025258734812544856-0.09653622364185172j)
3.4,(0.003605944090445444-0.11622946057857703j),(0.05911397000587368-0.19336656646853395j),2.820555558199303,(-0.055508025915428236+0.07713710588995693j)
3.42,(0.0035641761323156225-0.11555499619091074j),(0.0976031924848496-0.2799759768460223j),3.7871015008428044,(-0.09403901635253398+0.16442098065511157j)
3.44,(0.003523129471328525-0.11488830696032616j),(-0.09890139973109868-0.1482279628983957j),4.297757145328198,(0.10242452920242721+0.03333965593806955j)
3.46,(0.0034827875994261873-0.11422925933571264j),(0.06086484251421963-0.14382838989617378j),3.812782017557113,(-0.05738205491479344+0.029599130560461137j)
3.48,(0.0034431344779865545-0.1135777228043249j),(0.019129548465744547+0.01952942891667518j),4.2172873315239805,(-0.015686413987757993-0.13310715172100007j)
3.5,(0.003404154521899626-0.11293356980594672j),(-0.12260457005503679+0.1262881179393137j),3.85844535323797,(0.1260087245769364-0.23922168774526043j)
3.52,(0.0033658325842704103-0.11229667564994372j),(0.10308075205710437-0.041435133981145386j),4.105413348919405,(-0.09971491947283397-0.07086154166879834j)
3.54,(0.0033281539417200122-0.11166691843509587j),(0.23339797066461324+0.12538527104135794j),3.701279839528256,(-0.23006981672289323-0.2370521894764538j)
3.56,(0.0032911042802589827-0.11104417897209935j),(-0.06959678668607182-0.15988918249733014j),4.229039708228112,(0.0728878909663308+0.04884500352523079j)
3.58,(0.0032546696817065293-0.11042834070863568j),(-0.1430906628990453-0.09521230925904242j),4.23408633513972,(0.14634533258075183-0.015216031449593256j)
3.6,(0.003218836610633113-0.10981928965690985j),(-0.008328614867005186+0.023672101461660176j),4.07721466755542,(0.011547451477638299-0.13349139111857003j)
3.62,(0.003183591901801989-0.10921691432356201j),(-0.033804628518921916-0.06380477193409766j),3.2838094113018093,(0.0369882204207239-0.04541214238946435j)
3.64,(0.0031489227480891832-0.1086211056418642j),(0.1548201502053292+0.09771280020640528j),4.171850916965158,(-0.15167122745724002-0.2063339058482695j)
3.66,(0.0031148166888604954-0.1080317569061142j),(-0.14129788798271686-0.1681079545785579j),4.078418225938482,(0.14441270467157735+0.060076197672443696j)
3.68,(0.003081261598786359-0.10744876370814442j),(-0.04047093211215355-0.13083220527995298j),4.098932502651578,(0.04355219371093991+0.023383441571808564j)
3.7,(0.0030482456770751366-0.10687202387586782j),(-0.42321745642989145-0.053684797214547705j),4.089455053112837,(0.42626570210696657-0.053187226661320114j)
3.72,(0.0030157574371082363-0.10630143741378356j),(-0.007371083292054719+0.03337368959913111j),3.8215878545688184,(0.010386840729162955-0.13967512701291468j)
3.74,(0.0029837856964584995-0.10573690644537043j),(0.48571845790905954-0.1710465540346617j),4.7563877011277205,(-0.482734672212601+0.06530964758929128j)
3.7600000000000002,(0.002952319567276916-0.10517833515729956j),(0.15061781697859528-0.2324753831568066j),3.6677142777580123,(-0.14766549741131835+0.12729704799950703j)
3.7800000000000002,(0.0029213484470320145-0.10462562974539799j),(0.07974427424591223-0.1305910007603001j),3.9253507372046164,(-0.07682292579888021+0.025965371014902122j)
3.8000000000000003,(0.0028908620095864927-0.10407869836230109j),(-0.11408924526430829+0.09591965877422048j),4.408213257887232,(0.11698010727389478-0.1999983571365216j)
3.8200000000000003,(0.0028608501965981747-0.10353745106673153j),(0.012031776971808364-0.15888229887897892j),3.770180338322242,(-0.009170926775210189+0.0553448478122474j)
3.84,(0.0028313032092312394-0.10300179977434654j),(0.1121128839353484-0.18532600622923542j),5.099120987639847,(-0.10928158072611717+0.08232420645488889j)
3.86,(0.0028022115001649648-0.10247165821009749j),(-0.16388588888462507-0.4024415902599442j),3.8664573980890053,(0.16668810038479004+0.2999699320498467j)
3.88,(0.0027735657658883458-0.10194694186204716j),(-0.12962024253435364+0.13031809733037406j),4.210359450975181,(0.132393808300242-0.2322650391924212j)
3.9,(0.00274535693926835-0.10142756793659377j),(0.007730971803000642-0.012623007135174946j),4.070548712881304,(-0.004985614863732292-0.08880456080141882j)
3.92,(0.0027175761823813264-0.10091345531505119j),(-0.02206972471229515-0.2644062644350917j),3.998561144971361,(0.024787300894676477+0.1634928091200405j)
3.94,(0.002690214879596414-0.10040452451153876j),(-0.2503741575085023-0.24341094391706897j),4.136169057233091,(0.2530643723880987+0.14300641940553022j)
3.96,(0.002663264630901645-0.09990069763213358j),(0.2146809816264202-0.12813242810923003j),3.983725968850237,(-0.21201771699551855+0.028231730477096456j)
3.98,(0.0026367172454619626-0.09940189833524281j),(-0.2122808420807823+0.009426526739452459j),4.061386856192633,(0.21491755932624426-0.10882842507469527j)
4.0,(0.0026105647354011906-0.09890805179315203j),(-0.17549946030169372-0.18844780077812182j),4.115437498977497,(0.17811002503709492+0.08953974898496979j)
4.0200000000000005,(0.0025847993097981967-0.09841908465471165j),(-0.10599115503374526-0.0124217102681044j),4.4599372752430755,(0.10857595434354346-0.08599737438660725j)
4.04,(0.002559413368889221-0.09793492500911875j),(-0.28737110021311907+0.024981959887698215j),4.517443011306772,(0.2899305135820083-0.12291688489681697j)
4.0600000000000005,(0.00253439949846853-0.09745550235076089j),(0.07446843372900806-0.04851992342983234j),5.548731801342166,(-0.07193403423053954-0.04893557892092855j)
4.08,(0.002509750464479197-0.0969807475450827j),(-0.051542990857698506-0.010253430815121891j),4.842957799242935,(0.0540527413221777-0.0867273167299608j)
4.1,(0.002485459207787015-0.09651059279544258j),(-0.0836896559397078-0.02760292717989706j),4.132816440138397,(0.08617511514749482-0.06890766561554552j)
4.12,(0.0024615188391303535-0.0960449716109253j),(-0.0889000394841888-0.18801030625798817j),4.0161998415051725,(0.09136155832331916+0.09196533464706287j)
4.14,(0.0024379226342393498-0.09558381877507896j),(0.06405817015204825-0.3459312389808647j),4.076194304548341,(-0.061620247517808896+0.2503474202057857j)
4.16,(0.002414664029117886-0.09512707031554504j),(-0.0015875018986303857-0.03451378196256887j),4.302799518996325,(0.004002165927748272-0.06061328835297617j)
4.18,(0.0023917366154820145-0.09467466347455235j),(-0.1186855657647279+0.29169648989906927j),4.105325092106426,(0.12107730238020992-0.3863711533736216j)
4.2,(0.002369134136349284-0.09422653668024641j),(-0.23475636486239626-0.21984696072657964j),4.438005855421317,(0.23712549899874555+0.12562042404633322j)
4.22,(0.002346850481773141-0.09378262951882638j),(-0.03202448460470837-0.07020260769771822j),5.061379223400263,(0.03437133508648151-0.02358002182110816j)
4.24,(0.0023248796847167414-0.09334288270746338j),(-0.20250412582503585+0.051159029276964016j),3.8345871610734275,(0.20482900550975258-0.1445019119844274j)
4.26,(0.0023032159170613058-0.09290723806797496j),(-0.09819336105464264+0.00510744708882528j),4.5243252733329795,(0.10049657697170394-0.09801468515680024j)
4.28,(0.0022818534857441835-0.09247563850123097j),(-0.016918936422880258-0.22408186993259524j),4.627758720688939,(0.019200789908624442+0.13160623143136427j)
4.3,(0.0022607868290209893-0.09204802796226723j),(-0.16929647665657438-0.2495684206562829j),5.065915075159869,(0.17155726348559536+0.1575203926940157j)
4.32,(0.002240010512848212-0.09162435143608445j),(0.1131054126165136-0.4332091964490979j),4.416608912290312,(-0.1108654021036654+0.34158484501301345j)
4.34,(0.0022195192273817867-0.09120455491411045j),(-0.04870927405525156-0.07921119576182069j),4.424692514683111,(0.05092879328263335-0.01199335915228976j)
4.36,(0.0021993077835865283-0.09078858537130433j),(-0.08674580865965856-0.06288033666916396j),5.211459413141544,(0.08894511644324508-0.02790824870214037j)
4.38,(0.0021793711099535526-0.09037639074388278j),(-0.07814316862494311-0.2248519210662987j),4.895918515186678,(0.08032253973489667+0.13447553032241594j)
4.4,(0.002159704249320969-0.08996791990764881j),(-0.011995387292446036-0.09502975381651316j),3.992475695002334,(0.014155091541767004+0.005061833908864347j)
4.42,(0.0021403023557945333-0.08956312265690268j),(-0.10096965237598282-0.06670484573680453j),5.390764229905537,(0.10310995473177735-0.022858276920098147j)
4.44,(0.00212116069176482-0.0891619496839194j),(0.037485133344003864+0.1628115047644184j),5.478253408001794,(-0.03536397265223904-0.2519734544483378j)
4.46,(0.0021022746250167015-0.08876435255897311j),(-0.22880749815953874-0.15886500315262259j),4.580842497402954,(0.23090977278455543+0.07010065059364948j)
4.48,(0.0020836396259291123-0.08837028371089167j),(-0.3213330948223237-0.2554717069002653j),4.903615651854916,(0.3234167344482528+0.16710142318937365j)
4.5,(0.0020652512647606936-0.08797969640812596j),(-0.004432151713264827-0.06699805961762055j),5.1151705901138165,(0.006497402978025521-0.02098163679050541j)
4.5200000000000005,(0.0020471052090190018-0.08759254474031763j),(-0.04604252599434023-0.3342294814896184j),4.611423532816999,(0.04808963120335923+0.24663693674930076j)
4.54,(0.0020291972209103893-0.0872087836003496j),(-0.06075620519600733-0.06029450501900953j),5.536544724951051,(0.06278540241691771-0.026914278581340073j)
4.5600000000000005,(0.0020115231548671173-0.08682836866686555j),(-0.2239361577149986-0.09235520690076882j),4.4155571495900565,(0.22594768086986572+0.005526838233903264j)
4.58,(0.001994078955149937-0.08645125638724348j),(0.09787694234201649-0.13587759499148416j),4.182175420487127,(-0.09588286338686655+0.049426338604240685j)
4.6000000000000005,(0.00197686065352271-0.08607740396100944j),(0.05000284326946647-0.20774754503997922j),4.767035047999153,(-0.048025982615943756+0.12167014107896978j)
4.62,(0.0019598643669971904-0.08570676932367964j),(0.13403826247020673+0.21574359853020686j),5.232913297407725,(-0.13207839810320954-0.3014503678538865j)
4.64,(0.0019430862956449808-0.08533931113101594j),(0.1342889375261856+0.09372494353647579j),4.703624763560023,(-0.1323458512305406-0.1790642546674917j)
4.66,(0.0019265227204751506-0.08497498874368448j),(-0.08375070004708814+0.03047114308380784j),4.473801143179883,(0.08567722276756329-0.11544613182749232j)
4.68,(0.0019101700013745436-0.08461376221230396j),(0.16014295407256302-0.3143341780210109j),5.336745211711605,(-0.15823278407118846+0.22972041580870692j)
4.7,(0.001894024575108978-0.08425559226287309j),(0.06801822012810385-0.068937956388565j),5.421129315132907,(-0.06612419555299487-0.015317635874308094j)
4.72,(0.001878082953383493-0.0839004402825654j),(-0.16610132605273856-0.15816778733858444j),5.2858002790112675,(0.16797940900612204+0.07426734705601905j)
4.74,(0.001862341720959224-0.08354826830588107j),(-0.23168049164481333-0.022014013007438726j),4.899218220212572,(0.23354283336577256-0.061534255298442336j)
4.76,(0.0018467975338253078-0.08319903900114496j),(-0.062042915336875344+0.035660639872426673j),5.127870662861338,(0.06388971287070065-0.11885967887357163j)
4.78,(0.0018314471174240515-0.0828527156573414j),(0.20475733829505496-0.3090767734807665j),4.368851807999918,(-0.2029258911776309+0.2262240578234251j)
4.8,(0.0018162872649272097-0.08250926217127515j),(0.054791611118270044-0.16101505119374238j),4.584274741291346,(-0.05297532385334283+0.07850578902246723j)
4.82,(0.001801314835562194-0.08216864303505002j),(-0.02276861617917647-0.04392943549092953j),5.077593638624664,(0.024569931014738665-0.03823920754412049j)
4.84,(0.0017865267529864233-0.08183082332385512j),(0.11677969953889232-0.03765747875364213j),5.419757768703015,(-0.1149931727859059-0.04417334457021299j)
4.86,(0.0017719200037077086-0.08149576868405108j),(-0.05774231630908516-0.14354887702546654j),5.867803498473381,(0.05951423631279287+0.06205310834141546j)
4.88,(0.0017574916355500472-0.08116344532154653j),(0.11072417169085691-0.1134039573008738j),4.892930921095469,(-0.10896668005530687+0.03224051197932727j)
4.9,(0.001743238756162842-0.08083381999045729j),(0.2621988021401285-0.07706270317629801j),5.463294642175649,(-0.26045556338396564-0.0037711168141592727j)
4.92,(0.0017291585315720357-0.08050685998204024j),(-0.009696681199800685-0.09802708792838681j),5.5736760528813285,(0.011425839731372721+0.01752022794634657j)
4.94,(0.0017152481847722931-0.08018253311389406j),(0.05934409453708829-0.19793923040607284j),5.967035804353619,(-0.057628846352316+0.11775669729217877j)
4.96,(0.0017015049943583686-0.07986080771941897j),(-0.07250200476392477-0.1714742957372227j),5.577865438561603,(0.07420350975828313+0.09161348801780372j)
4.98,(0.0016879262931948193-0.07954165263752942j),(0.12211957879088609+0.10450541489729043j),5.937127042540197,(-0.12043165249769126-0.18404706753481986j)
5.0,(0.0016745094671228292-0.07922503720261097j),(0.07527203117088573-0.4694952066981409j),5.800330803991589,(-0.0735975217037629+0.3902701694955299j)
5.0200000000000005,(0.0016612519537023448-0.07891093123471622j),(0.03046318931385934-0.28304855461122985j),5.1138410628142985,(-0.028801937360156994+0.20413762337651364j)
5.04,(0.0016481512409895845-0.07859930502999221j),(-0.226908568844405-0.06822579632122154j),4.275567233813549,(0.22855672008539457-0.01037350870877067j)
5.0600000000000005,(0.0016352048663475615-0.07829012935133342j),(-0.02710810011753895-0.14120488810427503j),5.515222671374158,(0.02874330498388651+0.06291475875294161j)
5.08,(0.0016224104152895776-0.07798337541925365j),(-0.08443128151334296+0.054043526390458924j),4.64968013157555,(0.08605369192863253-0.13202690180971258j)
5.1000000000000005,(0.0016097655203537956-0.07767901490297192j),(-0.16873049884234662+0.0724376266156581j),5.7347018376048,(0.17034026436270042-0.15011664151863002j)
5.12,(0.001597267860008805-0.077377019911705j),(0.17995836180528962-0.21560714432629197j),5.779934035453604,(-0.17836109394528082+0.13823012441458699j)
5.14,(0.0015849151575886304-0.07707736298616229j),(0.15401305824219097-0.2384984561265216j),5.430549921224486,(-0.15242814308460234+0.1614210931403593j)
5.16,(0.001572705180256276-0.07678001709023725j),(-0.015669186307118905-0.39599144099205624j),4.993556983793137,(0.01724189148737518+0.319211423901819j)
5.18,(0.001560635737995393-0.0764849556028897j),(0.10148241360038407-0.09516200074524181j),5.651212581624001,(-0.09992177786238868+0.018677045142352106j)
5.2,(0.0015487046826285053-0.07619215231021426j),(0.13518595727021768-0.13193655886836164j),5.344300866346102,(-0.13363725258758918+0.055744406558147386j)
5.22,(0.0015369099068618375-0.07590158139769j),(0.08258174881412861-0.040331609304136685j),5.3968779197787,(-0.08104483890726677-0.035569972093553316j)
5.24,(0.0015252493433552657-0.07561321744260645j),(0.09732117536557415+0.06407085082512402j),4.83816441696535,(-0.09579592602221888-0.13968406826773047j)
5.26,(0.0015137209638167-0.07532703540666087j),(-0.05503018525123306+0.2197449130556274j),5.654225650229296,(0.05654390621504976-0.2950719484622883j)
5.28,(0.0015023227781206306-0.0750430106287233j),(-0.4608164096372221-0.2653352324733437j),6.272068573462641,(0.4623187324153427+0.19029222184462036j)
5.3,(0.0014910528334495655-0.0747611188177635j),(-0.11432252169055275+0.027989021805411695j),5.317601505150403,(0.11581357452400232-0.1027501406231752j)
5.32,(0.0014799092134581188-0.07448133604593739j),(-0.08741776853812189+0.13044416816528565j),6.438236213567685,(0.08889767775158-0.20492550421122302j)
5.34,(0.0014688900374585719-0.07420363874182682j),(0.08196817121697074-0.09512829687483347j),6.277759930219301,(-0.08049928117951216+0.020924658133006646j)
5.36,(0.0014579934596279263-0.0739280036838305j),(0.06749091512878883-0.1147038793563167j),5.764499202822428,(-0.0660329216691609+0.040775875672486195j)
5.38,(0.0014472176682351525-0.07365440799370097j),(0.042515271334332465-0.12196146470946442j),5.752002242602332,(-0.04106805366609731+0.04830705671576345j)
5.4,(0.0014365608848884435-0.0733828291302245j),(-0.19443180098865054-0.2355586963636641j),5.652721365121112,(0.19586836187353898+0.16217586723343963j)
5.42,(0.001426021363801962-0.07311324488303968j),(0.09323576696821567-0.24738299955305285j),5.6220229772054315,(-0.09180974560441371+0.17426975467001316j)
5.44,(0.0014155973910809341-0.07284563336659206j),(0.20400349673619797+0.09557332482810849j),5.417282070125474,(-0.20258789934511703-0.16841895819470054j)
5.46,(0.0014052872840254727-0.07257997301422027j),(-0.03681161775965976+0.039600845525784606j),4.795262375749449,(0.03821690504368523-0.11218081854000488j)
5.48,(0.0013950893904515823-0.07231624257237118j),(-0.04695559688997123-0.20025252749678032j),6.544688787740123,(0.048350686280422814+0.12793628492440914j)
5.5,(0.0013850020880295602-0.0720544210949402j),(0.3652673771129699-0.12725033003906958j),4.270084149165833,(-0.36388237502494036+0.055195908944129374j)
5.5200000000000005,(0.0013750237836392088-0.07179448793773434j),(-0.17165620681847227-0.2765704851895332j),6.677603659400166,(0.17303123060211148+0.20477599725179885j)
5.54,(0.001365152912741003-0.07153642275305376j),(0.047371799946916246-0.10463562612807426j),6.055616932598006,(-0.046006647034175244+0.033099203375020494j)
5.5600000000000005,(0.0013553879387630515-0.07128020548439025j),(0.0014335773502644944-0.07167442904100517j),5.75255943328153,(-7.818941150144294e-05+0.0003942235566149199j)
5.58,(0.0013457273525033717-0.0710258163612384j),(-0.15081704179242608-0.23939662035008114j),6.14395112538356,(0.15216276914492946+0.16837080398884274j)
5.6000000000000005,(0.0013361696715470709-0.07077323589401797j),(0.14611573765779187-0.10524235482488323j),5.971093087578488,(-0.1447795679862448+0.03446911893086525j)
5.62,(0.0013267134396978133-0.07052244486910322j),(0.11548857738745585-0.19150989962703172j),5.7731777274002365,(-0.11416186394775804+0.12098745475792849j)
5.64,(0.0013173572264234667-0.07027342434395814j),(-0.118790650060516+0.2494710734299089j),5.275698695977703,(0.12010800728693947-0.31974449777386704j)
5.66,(0.001308099626315283-0.07002615564237356j),(0.0448562765831461-0.10722119698724301j),5.353228466602414,(-0.04354817695683082+0.03719504134486945j)
5.68,(0.00129893925856028-0.06978062034980485j),(0.018744192693401544-0.07049577421195584j),6.027119121302735,(-0.017445253434841265+0.0007151538621509856j)
5.7,(0.001289874766426645-0.06953680030880668j),(-0.2670886909248327-0.10671241209721982j),5.093957210727015,(0.26837856569125934+0.03717561178841314j)
5.72,(0.0012809048167615532-0.06929467761456327j),(-0.0780975805041124+0.1020109905912864j),7.466135571015382,(0.07937848532087395-0.1713056682058497j)
5.74,(0.001272028099501218-0.0690542346105116j),(-0.04048978843982447-0.24349987523711966j),6.187816495443947,(0.04176181653932569+0.17444564062660806j)
5.76,(0.001263243327192596-0.06881545388405501j),(-0.06133477796647716-0.016095646734233117j),4.864378824856553,(0.06259802129366976-0.05271980714982189j)
5.78,(0.001254549234526976-0.06857831826236557j),(-0.02315578297590971+0.13454488934773914j),5.604987335553778,(0.024410332210436685-0.20312320761010472j)
5.8,(0.0012459445778844015-0.06834281080827248j),(-0.05480345351736823+0.025529537720380087j),5.810337281645782,(0.056049398095252626-0.09387234852865256j)
5.82,(0.0012374281348891127-0.06810891481623504j),(-0.1520811516325039-0.38442281713935283j),6.631536554021698,(0.15331857976739302+0.3163139023231178j)
5.84,(0.001228998703975661-0.06787661380839774j),(0.05860925605137305+0.0596002600752583j),7.040207967680027,(-0.05738025734739739-0.12747687388365603j)
5.86,(0.0012206551039652127-0.06764589153072575j),(-0.1960057580162496-0.06834088718804864j),5.478406218831979,(0.1972264131202148+0.0006949956573228805j)
5.88,(0.001212396173651934-0.06741673194921864j),(0.15160577056134164-0.08700297455155802j),5.537131970800268,(-0.1503933743876897+0.019586242602339377j)
5.9,(0.001204220771399064-0.06718911924620104j),(-0.49152871233130285-0.23632941798221596j),5.869072708459275,(0.49273293310270194+0.16914029873601494j)
5.92,(0.0011961277747447024-0.06696303781668769j),(0.012002462567926754-0.23396673786600844j),5.254821932113415,(-0.010806334793182052+0.16700370004932075j)
5.94,(0.0011881160800165287-0.06673847226482169j),(0.07639931564953348-0.016594746487391683j),6.498341610528733,(-0.07521119956951695-0.05014372577743j)
5.96,(0.0011801846019556593-0.06651540740038407j),(-0.1284276750975113-0.40705754417210904j),6.049846720302708,(0.12960785969946695+0.34054213677172496j)
5.98,(0.001172332273349393-0.06629382823537308j),(0.23275118491531627-0.02564443794597929j),6.641444996214716,(-0.23157885264196687-0.040649390289393794j)
6.0,(0.0011645580446722325-0.06607371998065122j),(-0.1762001482795214-0.3337336364138736j),6.1128041734674845,(0.17736470632419363+0.2676599164332224j)
6.0200000000000005,(0.0011568608837353553-0.0658550680426591j),(0.06510052133036683-0.024634695479698775j),7.277727138871331,(-0.06394366044663147-0.04122037256296032j)
6.04,(0.0011492397753441045-0.065637858020194j),(-0.1215228993824485-0.012124725957822048j),6.040051470835482,(0.1226721391577926-0.05351313206237196j)
6.0600000000000005,(0.00114169372096342-0.06542207570125211j),(-0.09459777705982166+0.23713209658801856j),5.799848093004494,(0.09573947078078507-0.3025541722892707j)
6.08,(0.001134221738390876-0.06520770705993227j),(-0.026399546831402696-0.048435683796475955j),6.741364184374611,(0.027533768569793574-0.016772023263456316j)
6.1000000000000005,(0.0011268228614371154-0.06499473825340098j),(-0.14142026263547075+0.0892231603011545j),5.302634094737481,(0.14254708549690787-0.15421789855455548j)
6.12,(0.001119496139613669-0.06478315561891594j),(0.034823987056530885+0.008366052489726376j),6.51004221469149,(-0.03370449091691721-0.07314920810864231j)
6.140000000000001,(0.0011122406378278565-0.06457294567090795j),(-0.1816373254827043+0.05628407050017712j),5.924964387275893,(0.18274956612053217-0.12085701617108507j)
6.16,(0.0011050554360843966-0.0643640950981191j),(-0.14735556514584036-0.0699346717289541j),6.168541515171768,(0.14846062058192475+0.005570576630834989j)
6.18,(0.0010979396291940298-0.06415659076079622j),(-0.11432812954308741-0.29629216084734444j),6.754073429357047,(0.11542606917228145+0.23213557008654823j)
6.2,(0.001090892326488395-0.06395041968793845j),(-0.26559492946083035-0.40083838803805594j),6.264200525519512,(0.26668582178731876+0.3368879683501175j)
6.22,(0.0010839126515414532-0.06374556907459775j),(-0.24433513535592175+0.03436066562274053j),6.805591818999971,(0.2454190480074632-0.09810623469733828j)
6.24,(0.0010769997418971806-0.0635420262792307j),(-0.007283411850744947+0.18633673594442468j),6.909348009329379,(0.008360411592642128-0.24987876222365538j)
6.26,(0.0010701527488031315-0.06333977882110108j),(-0.3983887816204289-0.18112343183942858j),6.356615350370032,(0.399458934369232+0.11778365301832751j)
6.28,(0.0010633708369500207-0.06313881437773199j),(0.23838226937970286-0.11663286857803612j),6.702061698329216,(-0.23731889854275284+0.053494054200304134j)
6.3,(0.0010566531842170718-0.06293912078240564j),(0.184197423176843+0.013898118794722657j),6.7483029894253495,(-0.18314076999262593-0.07683723957712829j)
6.32,(0.001049998981422919-0.06274068602171111j),(-0.10129119712849477-0.2645708730921663j),7.465665286990893,(0.1023411961099177+0.2018301870704552j)
6.34,(0.0010434074320820816-0.0625434982331376j),(-0.2105792609200241-0.21400355088972517j),7.810930595788806,(0.2116226683521062+0.15146005265658757j)
6.36,(0.0010368777521666225-0.06234754570271351j),(-0.13442825340981596+0.15979999030580935j),5.309416778285543,(0.13546513116198258-0.22214753600852286j)
6.38,(0.0010304091698731428-0.06215281686268906j),(-0.3307620878530134-0.14073156119449517j),6.261931551827286,(0.33179249702288655+0.07857874433180612j)
6.4,(0.0010240009253947308-0.06195930028926274j),(0.05219322862501279+0.20561950737144594j),6.808348995769972,(-0.05116922769961806-0.2675788076607087j)
6.42,(0.0010176522706979464-0.0617669847003496j),(-0.03840166363353766-0.06849522989733671j),7.32987193222924,(0.039419315904235606+0.006728245196987108j)
6.44,(0.0010113624693046006-0.061575858953391134j),(0.03256213833773344-0.07560549201877247j),7.463903345976919,(-0.03155077586842884+0.014029633065381332j)
6.46,(0.0010051307960782438-0.061385912043205516j),(0.27512076327401536+0.024546893183317226j),6.925428751797411,(-0.27411563247793713-0.08593280522652275j)
6.48,(0.0009989565370151774-0.0611971330998777j),(-0.39671292468061353+0.23019797084612797j),6.9089321597226805,(0.3977118812176287-0.29139510394600565j)
6.5,(0.00099283898904013-0.06100951138668788j),(0.17533887770955203+0.06388581729728943j),7.470297514542381,(-0.1743460387205119-0.1248953286839773j)
6.5200000000000005,(0.0009867774598060102-0.060823036298078274j),(0.2995093745833968-0.153406293384486j),6.346639250527304,(-0.2985225971235908+0.09258325708640772j)
6.54,(0.0009807712674980967-0.0606376973576568j),(-0.15729397110585164+0.01880548864735075j),7.335711059872254,(0.15827474237334974-0.07944318600500755j)
6.5600000000000005,(0.0009748197406425497-0.060453484216237134j),(0.30191511045597424+0.12136292389004144j),9.26800764858785,(-0.3009402907153317-0.18181640810627858j)
6.58,(0.0009689222179185486-0.060270386649914555j),(0.1283106618998317-0.12377598157916302j),6.9190350620495344,(-0.12734173968191315+0.06350559492924845j)
6.6000000000000005,(0.0009630780479747916-0.060088394558176134j),(0.17120683296061176-0.20393896599695424j),7.343874143172472,(-0.17024375491263696+0.1438505714387781j)
6.62,(0.0009572865892497357-0.059907497962045475j),(-0.23784459584823667-0.07441490285091211j),6.719690302183053,(0.2388018824374864+0.014507404888866635j)
6.640000000000001,(0.0009515472097953261-0.0597276870022606j),(-0.011552303677837666-0.010516439441487209j),9.427221317868906,(0.012503850887632992-0.04921124756077339j)
6.66,(0.0009458592871050386-0.05954895193748455j),(0.17460933721487407-0.712427181717307j),7.5547963570957215,(-0.17366347792776904+0.6528782297798225j)
6.68,(0.0009402222079447783-0.059371283142548095j),(0.27672607033251045-0.045445494803599266j),7.64117677249947,(-0.2757858481245657-0.013925788338948829j)
6.7,(0.0009346353681879064-0.059194671106723426j),(-0.21202077457628632-0.32380900782861444j),9.074316446701067,(0.21295540994447423+0.264614336721891j)
6.72,(0.0009290981726532095-0.05901910643202891j),(0.11332873537733247-0.05094096661544691j),10.644743645486635,(-0.11239963720467926-0.008078139816581995j)
6.74,(0.0009236100349466413-0.058844579831563736j),(0.1273021652848611-0.34861636180390365j),7.572174969384614,(-0.12637855524991445+0.28977178197233994j)
6.76,(0.0009181703773059294-0.05867108212787204j),(0.15198454286395766-0.0638669437745917j),9.229714336241692,(-0.15106637248665172+0.005195861646719667j)
6.78,(0.0009127786304486974-0.05849860425133558j),(-0.18261359801427482-0.20387767968301648j),7.973112482002819,(0.18352637664472352+0.1453790754316809j)
6.8,(0.0009074342334234334-0.05832713723859505j),(-0.43434272697785065+0.08305884010468789j),8.406708777385573,(0.4352501612112741-0.14138597734328295j)
6.82,(0.0009021366334638012-0.05815667223099879j),(-0.055527090112004-0.003225566428385287j),8.667321106075919,(0.0564292267454678-0.054931105802613504j)
6.84,(0.0008968852858455901-0.0579872004730786j),(-0.013289727410155154+0.08263028292171735j),8.767390938234769,(0.014186612696000744-0.14061748339479596j)
6.86,(0.0008916796537468277-0.05781871331105223j),(-0.07312523835368925-0.20919143113081973j),8.95472481276603,(0.07401691800743608+0.1513727178197675j)
6.88,(0.0008865192081105385-0.057651202191351766j),(-0.018431618020633343+0.18027034432160677j),8.659390489520366,(0.01931813722874388-0.23792154651295855j)
6.9,(0.0008814034275104547-0.05748465865917738j),(-0.007859054797978517+0.18740491425719868j),8.674611589538483,(0.008740458225488973-0.24488957291637606j)
6.92,(0.0008763317980192668-0.05731907435707627j),(-0.1379219895260164+0.12358520481326261j),9.016216344993989,(0.13879832132403566-0.18090427917033888j)
6.94,(0.000871303813079653-0.057154441023546096j),(-0.16407990387148247-0.17553144642310628j),9.61457897645223,(0.16495120768456212+0.11837700539956018j)
6.96,(0.0008663189733777168-0.05699075049166191j),(0.06638969256404488+0.029494161160836942j),9.90471179884307,(-0.06552337359066716-0.08648491165249886j)
6.98,(0.0008613767867192135-0.056827994687727305j),(0.13525629006281606-0.1329391659965629j),7.97978499178484,(-0.13439491327609684+0.0761111713088356j)
7.0,(0.0008564767679079034-0.05666616562994792j),(-0.18833774300138337+0.043186134159484836j),10.710523655259928,(0.18919421976929127-0.09985229978943275j)
7.0200000000000005,(0.0008516184386266633-0.05650525542712804j),(-0.1290973584637672+0.5716184144348854j),10.590116019661139,(0.12994897690239385-0.6281236698620134j)
7.04,(0.0008468013273206715-0.05634525627738883j),(-0.1887672750642224-0.4632242108979513j),9.59990606304205,(0.18961407639154307+0.40687895462056245j)
7.0600000000000005,(0.0008420249690831436-0.056186160466908774j),(0.11059591084385863-0.05248102570721251j),9.546052585289708,(-0.10975388587477548-0.003705134759696263j)
7.08,(0.0008372889055430126-0.056027960368684904j),(0.038152112224064616+0.21524988486763633j),9.59011871829779,(-0.0373148233185216-0.27127784523632126j)
7.1000000000000005,(0.0008325926847551401-0.05587064844131521j),(-0.009371614882124372+0.008226558560615929j),8.496224762571027,(0.010204207566879512-0.06409720700193114j)
7.12,(0.0008279358610924558-0.05571421722780127j),(-0.03727045952393793+0.0637670411589282j),10.926930099581691,(0.03809839538503038-0.11948125838672946j)
7.140000000000001,(0.0008233179951403105-0.055558659354370994j),(0.0850964406778866+0.3759274130453076j),13.101522633992234,(-0.0842731226827463-0.43148607239967857j)
7.16,(0.0008187386535927787-0.055403967529321044j),(-0.2939438689058279-0.25428042936443784j),12.397285595166759,(0.2947626075594207+0.1988764618351168j)
7.18,(0.0008141974091511185-0.05525013454187856j),(-0.11453628499990305-0.28949488501081955j),13.523194098495924,(0.11535048240905417+0.234244750468941j)
7.2,(0.000809693840424087-0.05509715326108154j),(0.4126429348736352+0.1934474971763371j),12.519308231108475,(-0.4118332410332111-0.24854465043741863j)
7.22,(0.000805227531830153-0.054945016634678j),(0.41179951374679946+0.05262314737027661j),13.705405154065227,(-0.4109942862149693-0.10756816400495461j)
7.24,(0.0008007980735017512-0.05479371768804328j),(-0.24355717726610163+0.09521660732090922j),12.186263355223048,(0.24435797533960338-0.1500103250089525j)
7.26,(0.0007964050611911831-0.05464324952311498j),(0.1435380793080318+0.10514100564835398j),11.98804048307788,(-0.14274167424684062-0.15978425517146896j)
7.28,(0.0007920480961784802-0.05449360531734559j),(-0.21891568346080392-0.2143460990770828j),13.914158901739084,(0.2197077315569824+0.1598524937597372j)
7.3,(0.0007877267851809287-0.054344778322672135j),(-0.13402396690263865-0.044322738794456085j),15.917699875416034,(0.1348116936878196-0.01002203952821605j)
7.32,(0.0007834407402643042-0.05419676186450271j),(-0.013034679150596324-0.03130889089454576j),12.108511032293986,(0.013818119890860629-0.022887870969956946j)
7.34,(0.0007791895787558516-0.054049549340719455j),(0.17885533322421363+0.26837448748660453j),10.247589981411213,(-0.17807614364545776-0.322424036827324j)
7.36,(0.000774972923158979-0.053903134220697785j),(-0.2563445192378853-0.03957031118066054j),14.762570823934016,(0.2571194921610443-0.014332823040037246j)
7.38,(0.0007707904010692964-0.053757510044341386j),(0.3299293993069555+0.3006467884836138j),14.723606048603042,(-0.32915860890588616-0.3544042985279552j)
7.4,(0.0007666416450925398-0.05361267042113307j),(0.1544211215776671+0.3032455235940026j),14.012563885789039,(-0.15365447993257456-0.35685819401513563j)
7.42,(0.0007625262927639052-0.0534686090292004j),(0.1989335014110306+0.32792944163573234j),16.800894608410694,(-0.1981709751182667-0.38139805066493276j)
7.44,(0.0007584439864688442-0.05332531961439702j),(0.2834763414502742-0.01669094975610541j),19.026320728638552,(-0.2827178974638054-0.03663436985829161j)
7.46,(0.0007543943733654606-0.053182795989398j),(0.12430540412272954+0.31623699518201953j),15.248517781184287,(-0.12355100974936409-0.36941979117141754j)
7.48,(0.000750377105308205-0.05304103203281021j),(0.13767436210683387-0.4451891488847467j),15.306075532644115,(-0.13692398500152567+0.3921481168519365j)
7.5,(0.0007463918387731297-0.05290002168829639j),(0.06774756415205765+0.48041234692987866j),17.40214267167541,(-0.06700117231328452-0.5333123686181751j)
7.5200000000000005,(0.0007424382347844353-0.052759758963713634j),(-0.41002437643022677-0.04564957825355003j),16.025717285767552,(0.4107668146650112-0.007110180710163602j)
7.54,(0.0007385159588424549-0.05262023793026504j),(0.09340584225613553-0.059359641434572244j),19.242472058753222,(-0.09266732629729307+0.006739403504307205j)
7.5600000000000005,(0.0007346246808528408-0.05248145272166513j),(-0.4565773900857195-0.12282268079453741j),17.82297010781629,(0.45731201476657235+0.07034122807287228j)
7.58,(0.0007307640750571693-0.052343397533318244j),(-0.04898078543286695-0.10155060897460054j),18.41416670863276,(0.04971154950792412+0.049207211441282296j)
7.6000000000000005,(0.000726933819964824-0.05220606662150999j),(-0.2871474059802959+0.42126637282146817j),18.681553570253488,(0.2878743398002607-0.4734724394429782j)
7.62,(0.0007231335982860623-0.05206945430261122j),(0.3860653263482986-0.6539693203095008j),18.035139598349428,(-0.3853421927500125+0.6018998660068896j)
7.640000000000001,(0.0007193630968661539-0.051933554952294465j),(0.22361984467089913+0.44642157396572435j),24.474696325242917,(-0.22290048157403297-0.4983551289180188j)
7.66,(0.0007156220066212047-0.051798363004762905j),(0.0038125811729582005+0.4266028447383669j),21.49112090903608,(-0.0030969591663369956-0.47840120774312983j)
7.68,(0.0007119100224745419-0.051663872951990826j),(0.059195328639476526+0.2161013023670951j),19.549424375203518,(-0.058483418617001987-0.26776517531908595j)
7.7,(0.0007082268432946741-0.05153007934297642j),(0.3170555671397865+0.1055358392610743j),23.519444414489776,(-0.3163473402964918-0.15706591860405072j)
7.72,(0.0007045721718341733-0.0513969767830056j),(0.23391769136015936+0.2519316983996252j),24.567160596835325,(-0.23321311918832519-0.3033286751826308j)
7.74,(0.0007009457146697585-0.05126455993292773j),(0.3043043738084255-0.372337507957273j),25.39085112241944,(-0.30360342809375573+0.3210729480243453j)
7.76,(0.0006973471821434453-0.05113282350844201j),(-0.5338345743122247-0.5510146882642644j),25.774806704620367,(0.5345319214943681+0.49988186475582236j)
7.78,(0.0006937762883045685-0.05100176227939521j),(-0.025763110815869458+0.14734037876693626j),24.433321378899503,(0.026456887104174025-0.19834214104633147j)
7.8,(0.0006902327508531689-0.050871371069089955j),(-0.04819877226909821+0.21019474325331644j),25.29906404148632,(0.04888900501995138-0.2610661143224064j)
7.82,(0.000686716291084099-0.050741644753603724j),(0.31330684534289716-0.027453152045778223j),36.04188927187638,(-0.3126201290518131-0.0232884927078255j)
7.84,(0.0006832266338322609-0.05061257826111797j),(0.08686617301291247-0.7434831928630345j),34.328374746608,(-0.08618294637908021+0.6928706146019166j)
7.86,(0.0006797635074187936-0.05048416657125789j),(-0.19779223836341991-0.1497753253255006j),32.25449690221874,(0.19847200187083872+0.09929115875424271j)
7.88,(0.0006763266435982523-0.05035640471444169j),(-0.22454888018942443-0.3504935951435496j),30.5516038387829,(0.2252252068330227+0.3001371904291079j)
7.9,(0.00067291577750659-0.05022928777124013j),(0.2566578080769592+0.23647806759360493j),35.42162293772204,(-0.2559848922994526-0.28670735536484504j)
7.92,(0.000669530647610135-0.05010281087174549j),(-0.27793227546518556-0.6458233027125934j),36.41637309453885,(0.2786018061127957+0.5957204918408479j)
7.94,(0.0006661709956555935-0.0499769691949501j),(-0.22283297121754098+0.4570878635443734j),33.283832627016196,(0.22349914221319658-0.5070648327393236j)
7.96,(0.0006628365666206483-0.04985175796813432j),(-1.4032806400786748-0.16413839786521794j),31.00935061058332,(1.4039434766452954+0.11428663989708363j)
7.98,(0.0006595271086657375-0.049727172466263354j),(-0.11629894905425703+0.17777867968403313j),38.61217593576253,(0.11695847616292276-0.22750585215029648j)
8.0,(0.0006562423730863498-0.04960320801139355j),(0.054387817670702145-0.05275554368456132j),34.09495554805804,(-0.0537315752976158+0.0031523356731677707j)
8.02,(0.0006529821142663682-0.04947985997208719j),(0.9348849180522634+0.3003963362511341j),43.67932089342612,(-0.934231935937997-0.3498761962232213j)
8.040000000000001,(0.0006497460896322395-0.04935712376283605j),(-0.3809388230629817-0.32827146944997654j),43.41398076758241,(0.38158856915261397+0.27891434568714046j)
8.06,(0.0006465340596077409-0.0492349948434937j),(-0.6357115674308723-0.033916214812832815j),50.63618465240501,(0.6363581014904801-0.015318780030660888j)
8.08,(0.0006433457875697692-0.049113468718715934j),(0.12167065242684977-0.7730173770660084j),47.305611980626324,(-0.12102730663928+0.7239039083472925j)
8.1,(0.0006401810398046595-0.048992540937409595j),(-0.5540078689155948+0.03831364842532768j),45.68480678611088,(0.5546480499553995-0.08730618936273728j)
8.120000000000001,(0.0006370395854654041-0.048872207092189646j),(-0.143775021758264-0.10963849522483962j),54.59871505820856,(0.14441206134372941+0.060766288132649976j)
8.14,(0.0006339211965296408-0.04875246281884389j),(0.4575026256469149-0.42895592738762667j),52.919537431566226,(-0.45686870445038524+0.3802034645687828j)
8.16,(0.0006308256477581513-0.04863330379580585j),(-0.06783354509948461-0.29006228845740334j),56.20381246471496,(0.06846437074724276+0.24142898466159748j)
8.18,(0.0006277527166542343-0.04851472574363517j),(-0.2532356678672135+0.7632783109742788j),61.583691206226185,(0.25386342058386774-0.8117930367179139j)
8.2,(0.0006247021834238768-0.04839672442450571j),(0.6810052479984523+0.1333089105983427j),64.21066823612297,(-0.6803805458150284-0.18170563502284842j)
8.22,(0.0006216738309362242-0.0482792956417009j),(0.19631851338492237-0.8756886102069379j),71.89515959650234,(-0.19569683955398615+0.827409314565237j)
8.24,(0.0006186674446851197-0.0481624352391167j),(-0.3417336084620255-0.8577801387344302j),58.61581951461017,(0.34235227590671063+0.8096177034953135j)
8.26,(0.0006156828127510911-0.048046139100771455j),(0.7432578177441634+0.13831987955665492j),66.39095685481603,(-0.7426421349314124-0.18636601865742639j)
8.28,(0.0006127197257639523-0.04793040315032307j),(-0.5277986163834621+0.825778729196527j),73.41484725796091,(0.5284113361092261-0.87370913234685j)
8.3,(0.0006097779768661774-0.047815223350593j),(-0.4577784697558102-0.08032543237901042j),90.33774131703707,(0.4583882477326764+0.03251020902841742j)
8.32,(0.0006068573616767269-0.04770059570309713j),(-0.12640795860066703-1.5693978079247177j),79.1668602355411,(0.12701481596234376+1.5216972122216206j)
8.34,(0.0006039576782556258-0.04758651624758333j),(0.0227508365741129-0.4431453182906933j),69.65819278898144,(-0.022146878895857272+0.39555880204311j)
8.36,(0.0006010787270690272-0.04747298106157573j),(-0.9670417148825334+0.31661014404536897j),78.08536806403197,(0.9676427936096025-0.3640831251069447j)
8.38,(0.0005982203109548813-0.04735998625992548j),(0.3268542029266823-0.859700806075258j),112.28235675369082,(-0.32625598261572747+0.8123408198153326j)
8.4,(0.0005953822350891642-0.04724752799436769j),(0.21999208266419906-0.06339837436311876j),107.20157451484629,(-0.2193967004291099+0.016150846368751075j)
8.42,(0.0005925643069528402-0.04713560245308501j),(0.6139037529362775-0.16766693904426475j),89.7103520057317,(-0.6133111886293247+0.12053133659117973j)
8.44,(0.0005897663362989781-0.047024205860277085j),(0.39177895765308884+0.5865436540336129j),116.76193747220742,(-0.39118919131678986-0.63356785989389j)
8.46,(0.0005869881351208233-0.04691333447573637j),(-0.1468180478178849+1.520684071497925j),116.17011264427413,(0.14740503595300572-1.5675974059736615j)
8.48,(0.0005842295176201844-0.04680298459442966j),(1.9723782253545108+0.2304279367298161j),118.74731459066865,(-1.9717939958368906-0.27723092132424576j)
8.5,(0.0005814903001763258-0.04669315254608565j),(1.615158807996025-1.0850078624378205j),118.75859355103337,(-1.6145773176958487+1.038314709891735j)
8.52,(0.0005787703013154763-0.046583834694788315j),(0.10958145501710406+0.2128720876536579j),161.93686924417864,(-0.10900268471578858-0.2594559223484462j)
8.540000000000001,(0.0005760693416807423-0.046475027438575955j),(-0.7600389032398854-1.2730094277640576j),128.47284260033663,(0.7606149725815662+1.2265344003254817j)
8.56,(0.0005733872440025643-0.04636672720904574j),(1.130446852596716-0.3754244860463283j),132.317578047043,(-1.1298734653527134+0.32905775883728255j)
8.58,(0.0005707238330696287-0.04625893047096389j),(-0.7720549217225126-0.20657797629990962j),131.2105947461747,(0.7726256455555822+0.16031904582894574j)
8.6,(0.0005680789357002335-0.04615163372188123j),(-0.8910326441326898-0.6555300347121332j),154.20194283295058,(0.89160072306839+0.609378400990252j)
8.620000000000001,(0.0005654523807141869-0.04604483349175414j),(-0.9177919142152718+0.7234976268550921j),177.10954734046075,(0.918357366595986-0.7695424603468463j)
8.64,(0.0005628439989051021-0.0459385263425706j),(2.09945187306927-0.1392521168870793j),182.61632609241852,(-2.098889029070365+0.09331359054450872j)
8.66,(0.0005602536230131395-0.04583270886798156j),(1.8090244209398003-0.43778025090376177j),201.2605351163377,(-1.8084641673167872+0.3919475420357802j)
8.68,(0.0005576810876981513-0.04572737769293727j),(-2.568414056828927+0.09374682189796474j),220.58660498236267,(2.568971737916625-0.13947419959090201j)
8.700000000000001,(0.0005551262295134537-0.04562252947332879j),(0.07017537303907136-0.7345033106660956j),237.49530596254576,(-0.0696202468095579+0.6888807811927669j)
8.72,(0.0005525888868796504-0.0455181608956341j),(-0.1352265705816221-1.1454158469518454j),251.52791708508346,(0.13577915946850175+1.0998976860562113j)
8.74,(0.0005500689000593229-0.04541426867656941j),(-0.6113778557786409-1.8156033245850989j),239.90969359709717,(0.6119279246787003+1.7701890559085294j)
8.76,(0.0005475661111316722-0.045310849562744976j),(-0.9484146547944933-0.853517271641044j),313.01186502037694,(0.948962220905625+0.808206422078299j)
8.78,(0.0005450803639679584-0.04520790033032574j),(1.91772279789097+0.5886555846428426j),346.20306371529625,(-1.9171777175270022-0.6338634849731684j)
8.8,(0.0005426115042070736-0.04510541778469647j),(0.9783097846549487-0.6277242278116458j),310.72641835212465,(-0.9777671731507416+0.5826188100269494j)
8.82,(0.0005401593792315574-0.045003398760131624j),(-0.9216734981774528+1.4343654479737649j),413.0613785443992,(0.9222136575566844-1.4793688467338966j)
8.84,(0.0005377238381441443-0.044901840119469405j),(-0.9242768283899462-0.17973700398375503j),357.72469111057404,(0.9248145522280903+0.13483516386428562j)
8.86,(0.0005353047317443219-0.04480073875379055j),(-0.6158986409186318-1.2149724073348984j),394.31384388896777,(0.6164339456503761+1.1701716685811079j)
8.88,(0.0005329019125057387-0.044700091582101066j),(1.9145895575992642-1.9271629315882823j),464.6288390464495,(-1.9140566556867584+1.8824628400061814j)
8.9,(0.0005305152345536011-0.04459989555101962j),(0.7140727782872809+5.0235235747371165j),458.780292101467,(-0.7135422630527273-5.068123470288136j)
8.92,(0.0005281445536424226-0.04450014763446893j),(2.220768179961825-3.49076207598289j),405.7995851775592,(-2.2202400354081826+3.446261928348421j)
8.94,(0.0005257897271344615-0.04440084483337106j),(1.222715740911173+1.0974269582139398j),521.2957229860666,(-1.2221899511840386-1.1418278030473108j)
8.96,(0.0005234506139781192-0.04430198417534733j),(-0.5765477526382261-0.3467973350421067j),493.413296304614,(0.5770712032522042+0.3024953508667594j)
8.98,(0.000521127074686875-0.04420356271442166j),(-1.7426282012276886+0.5090090374165611j),689.1200474758084,(1.7431493283023753-0.5532126001309827j)
9.0,(0.0005188189713184254-0.044105577530728184j),(-0.8860676033497984+0.2603584530115897j),771.6786853945989,(0.8865864223211168-0.3044640305423179j)
9.02,(0.0005165261674542883-0.04400802573022276j),(0.9344478392015156+0.4396438288417212j),653.1577139490652,(-0.9339313130340614-0.483651854571944j)
9.040000000000001,(0.000514248528179682-0.04391090444439808j),(2.2101821656882517-2.693596226349681j),911.6421708914785,(-2.209667917160072+2.649685321905283j)
9.06,(0.0005119859200635268-0.04381421083000265j),(-4.003846623245591+0.6616342232465082j),1002.1039727471677,(4.004358609165655-0.7054484340765109j)
9.08,(0.0005097382111390992-0.043717942068763505j),(2.3916407735518903+2.859803327380425j),928.5924776892203,(-2.3911310353407513-2.9035212694491883j)
9.1,(0.0005075052708846488-0.04362209536711264j),(-1.4074736777716015-0.6425363279137332j),1201.9230306541704,(1.4079811830424862+0.5989142325466206j)
9.120000000000001,(0.0005052869702045019-0.04352666795591682j),(-1.6562418005981707-1.2698232539327199j),1054.0013889895702,(1.6567470875683752+1.2262965859768031j)
9.14,(0.0005030831814104305-0.04343165709021105j),(5.3760813113800365-2.5421353007495147j),1118.5806184625208,(-5.375578228198626+2.4987036436593035j)
9.16,(0.0005008937782032193-0.04333706004893554j),(-2.644006812147032-0.284321663470025j),1311.8402081559148,(2.644507705925235+0.2409846034210895j)
9.18,(0.0004987186356546638-0.04324287413467617j),(-0.2224582409144506-4.2469219720890985j),1553.254603323241,(0.22295695955010528+4.2036790979544225j)
9.200000000000001,(0.0004965576301896567-0.043149096673408j),(-4.762873099160377-3.472763263511581j),1802.6013214121133,(4.763369656790567+3.429614166838173j)
9.22,(0.0004944106395686933-0.043055725014242624j),(1.577961396092132+1.0949305121383561j),2072.9954477585993,(-1.5774669854525631-1.1379862371525988j)
9.24,(0.0004922775428705888-0.0429627565291783j),(2.9488065078068217-0.8348946420272944j),2050.3909920085284,(-2.9483142302639513+0.7919318854981161j)
9.26,(0.0004901582204753938-0.04287018861285358j),(6.096093744417452-1.3459353216471948j),2635.2627687004237,(-6.095603586196977+1.3030651330343412j)
9.28,(0.0004880525540477479-0.04277801868230411j),(-0.6359536683501604-1.3173925846356977j),2432.2957027909474,(0.6364417209042081+1.2746145659533936j)
9.3,(0.00048596042652023863-0.04268624417672244j),(3.9771772035903807-0.7863451438652487j),2599.0768708187497,(-3.9766912431638604+0.7436588996885263j)
9.32,(0.0004838817220772104-0.04259486255722105j),(-1.5671822464787613+0.9646005497284516j),2547.299476031381,(1.5676661282008384-1.0071954122856726j)
9.34,(0.0004818163261386686-0.04250387130659831j),(-8.810348379118992+1.1535175863735179j),2679.9078416094767,(8.81083019544513-1.1960214576801163j)
9.36,(0.0004797641253445858-0.042413267929107365j),(-10.355205730680082+3.9795659608085856j),3893.7406012135903,(10.355685494805426-4.021979228737693j)
9.38,(0.000477725007539288-0.04232304995022829j),(-5.485476124565454+8.75506921451998j),3750.3595752185624,(5.485953849572994-8.797392264470208j)
9.4,(0.0004756988617561415-0.04223321491644275j),(-1.7116739356157626-0.055497156286098956j),4149.242175752922,(1.712149634477519+0.013263941369656203j)
9.42,(0.0004736855782024427-0.04214376039501167j),(3.6652451083113-1.2852516301427954j),4029.7348236214284,(-3.6647714227330974+1.2431078697477838j)
9.44,(0.00047168504824459696-0.04205468397375594j),(4.794967284598491+5.881389682551336j),4835.335611435026,(-4.794495599550246-5.923444366525092j)
9.46,(0.0004696971643934151-0.04196598326083954j),(3.2922501862885465+1.3435154125223665j),5021.223473297156,(-3.291780489124153-1.385481395783206j)
9.48,(0.00046772182028970865-0.041877655884555554j),(-6.455355205584156+1.1983674874674382j),8610.269615683657,(6.455822927404445-1.2402451433519937j)
9.5,(0.00046575891069006864-0.04178969949311499j),(0.3189188424563053+8.970688980013584j),5123.512517611718,(-0.31845308354561525-9.0124786795067j)
9.52,(0.00046380833145279307-0.04170211175443812j),(8.934809781757366+1.5186726849724892j),6975.195950570409,(-8.934345973425913-1.5603747967269272j)
9.540000000000001,(0.000461869979524158-0.04161489035594843j),(4.931217099105061+8.142732104416375j),7456.7444096747695,(-4.930755229125537-8.184346994772323j)
9.56,(0.000459943752924759-0.0415280330043692j),(-10.198166634567178-1.7562303500089758j),8318.504686510263,(10.198626578320102+1.7147023170046065j)
9.58,(0.0004580295507360878-0.04144153742552261j),(-6.139826616841564-4.657513222093997j),8956.708777474842,(6.1402846463923+4.616071684668475j)
9.6,(0.0004561272730873783-0.04135540136413143j),(12.152839749164071-5.439601530160428j),9110.95640854081,(-12.152383621890984+5.398246128796297j)
9.620000000000001,(0.00045423682114249515-0.041269622583622996j),(1.7317950708720116+18.220941174635094j),11557.6424279962,(-1.7313408340508691-18.262210797218717j)
9.64,(0.0004523580970871783-0.04118419886593572j),(-9.625414274128673-17.033305969566058j),13660.950087821775,(9.62586663222576+16.992121770700123j)
9.66,(0.00045049100411634585-0.0410991280113281j),(0.6514146983209596+7.187095881133314j),13673.600673606603,(-0.6509642073168432-7.228195009144642j)
9.68,(0.000448635446421644-0.04101440783818991j),(-3.7606215335885014-8.975187407290486j),12531.162773362885,(3.761070169034923+8.934172999452295j)
9.700000000000001,(0.0004467913291791238-0.04093003618285584j),(-5.907322766359819+8.509209771157584j),14816.233300206499,(5.907769557688998-8.55013980734044j)
9.72,(0.0004449585585371866-0.04084601089942131j),(-8.122962462925022-4.5287823417448205j),17125.18131041548,(8.12340742148356+4.4879363308453994j)
9.74,(0.00044313704160459864-0.04076232985956073j),(-7.721790488756437-15.643594366416304j),18761.829321634916,(7.722233625798041+15.602832036556743j)
9.76,(0.00044132668643875856-0.040678990952347824j),(-9.890362792600989+15.109944778916953j),17954.4174418485,(9.890804119287427-15.1506237698693j)
9.78,(0.00043952740203403675-0.04059599208407818j),(14.354761679284008-1.0017986926680031j),21740.262894570296,(-14.354322151881975+0.961202700583925j)
9.8,(0.00043773909831043063-0.04051333117809415j),(5.282535739589808+2.5876478013923623j),21842.899032283294,(-5.282098000491498-2.6281611325704564j)
9.82,(0.0004359616861021924-0.040431006174611504j),(-19.52286598504001-17.466408197535017j),24508.4354845485,(19.52330194672611+17.425977191360406j)
9.84,(0.0004341950771467864-0.04034901503054857j),(-7.625727052823054+6.747958065201161j),22056.310815305034,(7.626161247900201-6.788307080231709j)
9.86,(0.0004324391840739183-0.04026735571935733j),(9.629938181429825-2.2026048393467215j),22205.51743547427,(-9.629505742245751+2.1623374836273643j)
9.88,(0.00043069392039470257-0.040186026230856355j),(-17.95787277925053+2.7141231625305413j),21696.89172539298,(17.958303473170925-2.7543091887613977j)
9.9,(0.000428959200491073-0.04010502457106618j),(-9.61950164912217-4.739963468758639j),23661.365319566365,(9.619930608322662+4.699858444187573j)
9.92,(0.0004272349396052084-0.04002434876204612j),(-4.112768467327352+17.60192053796575j),24167.553279561795,(4.113195702266957-17.641944886727796j)
9.94,(0.0004255210538292515-0.03994399684173366j),(4.8650413371635866-15.512563842559324j),22662.78818052263,(-4.864615816109757+15.47261984571759j)
9.96,(0.00042381746009504913-0.03986396686378522j),(-1.0105411654545977-6.3108381293172116j),27393.919377612754,(1.0109649829146927+6.2709741624534265j)
